id,status_groundtruth,title,content,tanggal
24326,Benar,"Benar, Ada Dugaan Warga Coblos Dua Surat Suara di Pilkada Serentak Sumatera Utara 2024","Sebuah video beredar di TikTok [arsip] yang diklaim memperlihatkan seorang perempuan mencoblos dua surat suara pemilihan gubernur Sumatera Utara, dalam Pilkada Serentak 2024. Pertama dia mencoblos surat suara Pemilihan Gubernur dan Wakil Gubernur Sumut 2024, dan menunjukkan pilihannya paslon nomor urut 01, Bobby Nasution-Surya. Dia kembali membuka surat suara Pemilihan Gubernur dan Wakil Gubernur Sumut 2024 satunya, dan kembali mencoblos, kemudian menunjukkan pilihannya paslon nomor urut 1. Hal yang sama dilakukannya pada surat suara Pemilihan Walikota dan Wakil Walikota Medan 2024. Ia memilih paslon nomor urut 01, Rico Waas dan Zaki. Namun, benarkah video itu memperlihatkan seorang pemilih yang mencoblos surat suara Pilgub Sumut 2024 sebanyak dua kali?",2024-11-28
24325,Benar,"Benar, Klaim Video Surat Suara di Desa Juranalas, Sumbawa Sudah Tercoblos","Beredar di Facebook, sebuah video protes warga pendukung pasangan calon nomor urut 2 Zul Uhel soal surat suara tercoblos di sebuah Tempat Pemungutan Suara di Sumbawa. Dalam video tersebut, seorang laki-laki berkaos dan bertopi bertuliskan Zul Uhel mengatakan bahwa di TPS 6 Desa Juran Alas, Kecamatan Alas, Kabupaten Sumbawa, NTB terindikasi kartu suara sudah dicoblos duluan. Laki-laki lain berbaju merah menyebutkan jumlah surat suara yang sudah dicoblos sebanyak 60 untuk Cagub No.3, 1 surat suara untuk Cagub No.1 dan 1 batal. Kemudian surat suara untuk calon bupati nomor urut 2 sebanyak 59 yang sudah dicoblos duluan. Benarkah surat suara di Desa Juran Alas, Kabupaten Sumbawa, Provinsi Nusa Tenggara Barat sudah tercoblos?",2024-11-28
24312,Benar,[Benar] Video Surat Suara Tercoblos Sebelum Pemilihan di Gowa,"Beredar video di media sosial, terkait terjadinya surat suara yang Tercoblos sebelum pemilihan. Peristiwa tersebut terjadi di TPS 001 Kelurahan Mawang, Kecamatan Somba Opu, Gowa.",2024-11-28
24311,Benar,"Viral Ban Mobil Dipecahkan di Pidie Jaya, Polisi: Sedang Ditangani","Sebuah video viral di media sosial memperlihatkan mobil berkelir merah dengan dua ban sisi kanan depan dan belakang pecah. Menurut unggahan beredar, peristiwa itu terjadi di Desa Meunasah Bie, Kecamatan Meurah Dua, Pidie Jaya, Aceh. Dalam video yang beredar luas tersebut, terdengar suara laki-laki yang menjelaskan bahwa ban mobil diduga dipecahkan itu karena perseteruan antara tim kandidat.",2024-11-28
24310,Benar,"Viral Surat Suara Dicoblos di Motor, KIP Pidie: Dibawa ke Orang Sakit","Sebuah video viral di media sosial memperlihatkan seorang perempuan mencoblos surat suara Pilkada 2024 di atas sepeda motor. Peristiwa dalam rekaman ini disebut terjadi di Desa Pulo Siblah, Kecamatan Tiro, Pidie, Aceh.",2024-11-28
24290,Benar,"Benar, Foto Uang dan Amplop Bergambar salah Satu Paslon Pilkada Kabupaten Pekalongan","Sebuah gambar beredar di Facebook [arsip] yang disertai narasi bahwa terjadi politik uang oleh Paslon 01 Fadia Arafiq-Sukirman dalam pelaksanaan Pilkada Kabupaten Pekalongan, Jawa Tengah, tahun 2024. Gambar itu memperlihatkan uang kertas senilai Rp70 ribu, terdiri dari tiga lembar pecahan Rp20 ribu dan satu lembar pecahan Rp10 ribu. Diperlihatkan juga alat peraga kampanye berupa gambar Fadia-Sukirman yang mirip tampilan di surat suara. Terdapat selembar amplop putih juga yang dikatakan dijadikan bungkus uang-uang tersebut. Narasi yang disertakan mempertanyakan jumlah uang tersebut apa sudah benar, atau justru telah dipotong.",2024-11-27
24288,Benar,"Ratusan surat suara sudah tercoblos di Alas, Sumbawa","Lombokvibes.com, Mataram– Sebuah postingan video yang mengklaim ratusan surat suara telah tercoblos di Kabupaten Alas, Sumbawa, viral di media sosial Facebook, (27/11/2024). Dalam video itu memperlihatkan seorang pria yang mengklaim, telah ditemukan indikasi surat suara sudah dicoblos terlebih dahulu. “Di TPS 6 ditemukan indikasi surat suara telah dicoblos duluan,” ujarnya. Sementara, pria yang lain juga menyebutkan, terdapat 60 Surat suara yang sudah tercoblos untuk paslon nomor urut 3 yakni Iqbal-Dinda, juga terdapat 59 Surat suara sudah tercoblos nomor urut 2 pasangan calon Bupati dan wakil Bupati Sumbawa Jarot-Ansori.",2024-11-27
24285,Benar,"Benar, Video Petugas KPPS di Kota Ambon Coblos Surat Suara untuk Salah Satu Paslon","Sebuah video di TikTok memperlihatkan sejumlah surat suara pada salah satu Tempat Pemungutan Suara atau TPS di Kota Ambon, Maluku, yang telah dicoblos. Perekam video menyebut petugas Kelompok Penyelenggara Pemungutan Suara atau KPPS telah mencoblos sejumlah surat suara sisa untuk kandidat tertentu. ""Tangkap ini ee.. KPPS TPS 42 Batu Merah Kebun Cengkeh ini RT 006 RW 09 Dong (mereka) coblos surat suara untuk kandidat tertentu,"" kata perekam video yang diunggah ke TikTok pada 27 November 2024.",2024-11-27
24283,Benar,119 Surat Suara Tercoblos di Juran Alas Sumbawa,"SUMBAWA, KOMPAS.com -Dugaan kecurangan terjadi di TPS 06 Desa Juran Alas, Kecamatan Alas, Kabupaten Sumbawa, Nusa Tenggara Barat (NTB) saat hari pencoblosan pilkada serentak, Rabu (27/11/2024) pagi. Diduga sejumlah surat suara untuk pasangan Calon Gubernur dan Wakil Gubernur NTB serta pasangan Calon Bupati dan Wakil Bupati Sumbawa telah dicoblos. Padahal proses pemilihan belum dilakukan. Dugaan kecurangan ini diungkapkan tim sukses salah satu paslon di TPS setempat yang langsung ditayangkan akun Facebook Turanggo Dedek Sembiring. Dalam video berdurasi 1 menit 23 detik, tampak salah seorang pemilih setempat yang dipanggil Anca mengungkap surat-surat yang telah dicoblos sebelumnya. Anca merinci bahwa untuk surat suara Paslon Gubernur-Wakil Gubernur NTB, telah tercoblos 60 surat suara untuk Paslon nomor urut 3 (Iqbal-Dinda) dan 2 surat suara untuk Paslon Cagub Nomor 1 (Rohmi Firin), termasuk satu surat suara batal. Sedangkan di TPS yang sama untuk Bupati dan Wakil Bupati Sumbawa, ada 59 surat suara tercoblos untuk Paslon No.2 (Jarot-Ansori). Pernyataan Anca dibenarkan oleh Ridha Husain, tim dari Paslon Bupati dan Wakil Bupati, Dewi Noviany dan Talifuddin (Novi Talif), serta Paslon Pilgub Nomor 2 Zulkieflimansyah dan Suhaili (Zul Uhel). Ridha saat dikonfirmasi mengakui usai mendapatkan informasi tentang peristiwa tersebut langsung bergegas ke TPS 06 Juran Alas. “Semua barang bukti sudah diamankan petugas polisi dan TNI yang kebetulan bertugas di TPS tersebut,” ungkap Ridha. Dari informasi yang diperolehnya, peristiwa ini terungkap ketika beberapa pemilih yang diberikan surat suara masuk ke bilik suara untuk mencoblos. Ketika surat suara dibuka, ternyata sudah tercoblos. Pemilih ini pun protes ke panitia pemungutan suara (PPS). Dari temuan itu, surat suara yang belum dibagikan dibongkar dan diperiksa. Lalu ditemukan banyak surat suara yang sudah tercoblos. “Ini kejadian luar biasa, bayangkan surat suara itu berada di dalam kotak surat suara tersegel sebelum dibuka. Artinya, jika benar, banyak yang terlibat,” duganya. Bawaslu Kabupaten Sumbawa pun membenarkan adanyas urat suara yang tercoblos di TPS 06 Juran Alas Kecamatan Alas. “Benar. Sudah kami konfirmasi ke Panwascam Alas, memang benar ada kejadian itu,” kata Koordinator Divisi Penanganan Pelanggaran Data dan Informasi Bawaslu Sumbawa, Jusriadi, saat dikonfirmasi Rabu (27/11/2024). Jho, sapaan akrabnya, menyebut jumlah surat suara Pilgub NTB yang telah dicoblos ada 62 lembar. Rinciannya, 60 suara untuk Cagub-Cawagub Nomor Urut 3, Iqbal-Dinda, dan 2 suara untuk nomor urut 1 (Rohmi Firin), termasuk 1 suara batal. Kemudian, 59 surat suara untuk Cabup-Cawabup, semuanya untuk Paslon Nomor Urut 2 (Jarot-Ansori). Sehingga jumlah surat suara yang tercoblos 119. Saat ini, surat suara yang tercoblos ini sudah diamankan petugas di lokasi. Meski demikian, proses pemilihan (pencoblosan) di TPS 06 Juran Alas tetap berlangsung aman dan lancar. Mengenai peristiwa tersebut, Jho mengaku masih menunggu laporan hasil pengawasan secara lengkap dari Panwascam Alas, sehingga diketahui kronologisnya. Dari laporan ini akan dikaji dan dilanjutkan dengan mekanisme penanganan.",2024-11-27
24281,Benar,"Benar, Surat Suara di TPS 9 Tingkulu Manado Sudah Tercoblos saat Dibuka","""Kalah fajar p serangan komang, TPS 9 Tingkulu link 8, surat suara blm coblos pe buka so ad coblos"".",2024-11-27
24252,Benar,"Viral Surat Suara di TPS KBB Diduga Sudah Tercoblos, Ini Faktanya","Media sosial dihebohkan dengan beredarnya video dugaan kecurangan dalam momen pemungutan suara Pilkada Serentak 2024 di Kabupaten Bandung Barat, Rabu (27/11/2024). Pasalnya, ada satu surat suara yang ditunjukkan dalam video tersebut sudah dalam kondisi tercoblos di kolom pasangan Calon Bupati dan Wakil Bupati Bandung Barat nomor urut 2, Jeje Ritchie Ismail dan Asep Ismail.",2024-11-27
24248,Benar,Cek Fakta (Benar): Edaran Kupon Beras Gratis di Jembrana,"Sebuah foto beredar di Facebook menampilkan kupon beras gratis dengan wajah pasangan calon bupati Jembrana dan pasangan calon gubernur Bali. Narasi unggahan Facebook akun Suara Buleleng tersebut bertuliskan “Yuk semeton Jembrana Singaraja yang belum dapat kupon gratis.” Unggahan Suara Buleleng kemudian diunggah ulang oleh akun Bingkil OTAK dengan judul “Foto terlampir cukup viral di medsos… Ada gambar paslon pilkada Jembrana dan Pilkada Bali. Keterangan foto menyebutkan, “kalau di masa kampanye ada seperti ini harusnya KPU-Bawaslu penting memberi klarifikasi untuk mencegah terbentuk opini brutal di masyarakat.”",2024-11-27
24243,Benar,CEK FAKTA: Benarkah Polsek Tombatu Amankan Ratusan Amplop Berisi Uang untuk Serangan Fajar?,"Video dengan narasi polisi mengamankan ratusan amplop untuk serangan fajar beredar di medsos, salah satunya dibagikan oleh akun TikTok ini. Unggahan itu muncul pada Selasa (26/11/2024). Dalam video, beberapa orang yang memakai baju polisi melakukan penggeledahan dan menemukan sejumlah amplop berisi uang. Video diberi keterangan: Polsek Tombatu Timur Amankan Ratusan Amplop Berisi Uang, Diduga Digunakan untuk Serangan Fajar di Desa Esandom Minahasa Tenggara",2024-11-27
23829,Benar,"Benar, Video Pembagian Amplop dan Poster Pasangan Calon Bupati di Pamekasan, Madura","Tempo menerima permintaan dari pembaca untuk memverifikasi video pembagian amplop dan poster salah satu pasangan calon bupati Pamekasan kepada warga dan ditempel di dinding dan bangku sekolah. Video yang beredar telah diarsipkan berikut ini arsip 1, arsip 2. Benarkah dua video tersebut?",2024-11-06
23476,Benar,"CEK FAKTA: Debat Pilgub Jatim 2024, Luluk Nur Hamidah Sebut Jumlah Penduduk Miskin di Jatim Tertinggi di Indonesia, Benarkah?","Debat dalam Pemilihan Gubernur dan Wakil Gubernur Jawa Timur Tahun 2024 (Debat Pilgub Jatim 2024) berlangsung di Graha Unesa Surabaya, Jumat (18/10/2024) malam. Cagub Jatim nomor urut 1 Luluk Nur Hamidah menyebut jumlah penduduk miskin di Jawa Timur tertinggi di Indonesia. Inilah pernyataan lengkap yang disampaikan Luluk Nur Hamidah dalam Debat Pilgub Jatim 2024: Rekan kami ibu Khofifah dan juga Ibu Risma telah mendapatkan kepercayaan dari rakyat Jawa Timur, mereka berdua pernah menjadi Menteri Sosial Bersama. Namun demikian, kondisi Jawa Timur sebagaimana yang kita rasakan dan kita ketahui bahwa jumlah penduduk miskin di Jawa Timur tertinggi di Indonesia.",2024-10-18
23078,Benar,"[SALAH] Hewan “Sapi Laut” Terdampar di Bangkalan, Madura",Nelayan sukolela.. Bangkalan.. nangkap Sapi Laut. Baru tahu skrg jika ada sapi laut. Subhanallaah,2024-09-30
23008,Benar,"Benar, Video Seorang Pria Mengkonsumsi Makanan dan Minuman yang Dicampur Semen","Video yang memperlihatkan seorang pria meminum adonan semen dan memakan pisang yang dicocol dengan semen, beredar di media sosial. Video berdurasi 2 menit 19 detik itu diunggah ke Facebook oleh akun ini pada 17 September 2024. ""Nikmati cita rasa minuman favorit Anda dalam semen, bukan teh dan kopi,"" bunyi judul video tersebut. Tempo menerima permintaan dari pemeriksa fakta Bangladesh untuk memverifikasi kebenaran konten tersebut. Hingga artikel ini dimuat, video itu telah disaksikan lebih dari 10 juta kali dan mendapat lebih dari 14.900 komentar. Dalam kolom komentar akun Zaynah Mirzadeh menyebut pria dalam video mengalami gangguan yang disebut Pica. Apa benar pria dalam video di atas menikmati makanan dan minuman yang dicampur semen?",2024-09-27
22066,Benar,"Benar, Mulyono Nama Pertama Presiden Joko Widodo","Potongan video diskusi siniar Bambang Widjojanto yang membahas nama pertama Presiden Joko Widodo ramai beredar di sosial media X. Dalam diskusi itu Bambang mengatakan bila nama pertama Presiden Joko Widodo adalah Mulyono. Karena sakit-sakitan berganti nama jadi Joko Widodo, supaya “Widodo” menjadi “orang yang sehat”. Hingga artikel ini ditulis ini ditulis artikel itu sudah ditonton 89 ribu kali dan telah di-retweet 394 kali. Lantas, benarkah Mulyono nama pertama Presiden Joko Widodo?",2024-08-23
21978,Benar,"Benar, Realisasi Patung Garuda IKN Berbeda dengan Desain Awal","Sejumlah gambar beredar di Facebook akun ini, ini, dan ini, yang diklaim memperlihatkan hasil pembangunan patung garuda di Ibu Kota Nusantara (IKN), di Kabupaten Penajam Paser Utara, Kalimantan Timur, tak sesuai dengan desain awalnya. Berikut narasi lengkapnya: “inilah foto desain dan hasil konstruksi pembangunan istana garuda karya Nyoman Nuarta di Ibu Kota negara Nusantara.” Namun, benarkah realisasi pembangunan patung garuda IKN tidak sama dengan desain awal?",2024-08-20
21593,Benar,"Benar, Video Jaksa Agung Kansas Mengajukan Gugatan Pada Pfizer","Sebuah video pendek diunggah oleh akun Instagram [ arsip ] dengan judul “Tuntutan kepada Pfizer”, yang membahas seorang Jaksa Agung Kansas tengah mengajukan gugatan kepada Pfizer. Video itu memperlihatkan Jaksa Agung Kansas, Kris Kobach, didampingi sejumlah staf, menyampaikan bahwa Pfizer mengklaim vaksinnya aman untuk wanita hamil. Namun pada Februari 2021, kata dia, Pfizer mendapat laporan dari 458 wanita hamil yang menerima vaksin Covid-19 Pfizer selama kehamilan. Lebih dari setengahnya dilaporkan mengalami efek samping. Dan lebih dari 10% dilaporkan keguguran dalam beberapa hari setelah vaksinasi. Diunggah pada 25 Juni 2024, akun tersebut juga mencantumkan tautan dari fiercepharma.com dan mengutip artikel di dalamnya. Lantas, apakah benar video Jaksa Agung Kansas mengajukan gugatan kepada Pfizer seperti yang diklaim oleh akun tersebut?",2024-08-02
20675,Benar,"Benar, Klaim Ahok soal Penghasilan Minimal untuk Hidup di Jakarta Rp5 Juta","Basuki Tjahaja Purnama atau yang akrab disapa Ahok, melontarkan pernyataan bahwa penghasilan minimal warga yang hidup di DKI Jakarta Rp5 juta per bulan. Angka itupun untuk hidup pas-pasan. Menurutnya, penghasilan ideal warga yang hidup di DKI Jakarta dan lebih baik jika di atas Rp5 juta. ""Ideal tinggal di Jakarta itu seharusnya Rp5 juta sampai Rp10 juta, Rp15 juta lebih bagus,"" ujarnya dalam tayangan YouTube pribadinya, Senin, 13 Mei 2024, dikutip dari CNN Indonesia. Benarkah klaim Ahok mengenai penghasilan minimal dan ideal tinggal di Jakarta itu?",2024-06-24
20541,Benar,[SALAH] MENTERI PUPR BASUKI HADIMULJONO RESMI MUNDUR DARI KABINET,"PAK BASUKI RESMI MUNDUR DARI KABINET!!USAI BABAK BELUR DIHAJAR KOMISI V DPR, JKW MERINGIS KABAR MENGGEMPARKAN MENYESAL JADI BAGIAN J0K0WI PAK BASUKI MUNDUR USAI DICECAR HABIS DPR",2024-06-16
19905,Benar,"Benar, Narasi yang Mengatakan Sering Banyak Minum Air Putih Malam Hari Sebelum Tidur Bisa Sebabkan Sakit Ginjal","Sebuah video beredar di Facebook [ arsip ] yang berisi narasi yang menyarankan pengaturan pola minum air putih untuk menghindari sakit ginjal. Video itu memperlihatkan seorang pria bernama dr. Cahyono, Sp yang sedang memaparkan pola minum air putih yang menurutnya baik dan yang buruk untuk ginjal. Berikut bunyi potongan narasi yang beredar: Bapak minum sebelum tidur satu gelas dua gelas, ginjalnya malah rusak. Di sini yang kadang-kadang nggak tahu ini. Yang penting banyak minum, ginjalnya sehat. Salah. Banyak minum pagi hari bagus. Tapi malam hari banyak minum, ginjalnya malah rusak. Tempo menerima permintaan pembaca untuk memeriksa kebenaran narasi tersebut. Benarkah ginjal bisa rusak bila seseorang sering minum banyak air putih pada malam hari atau satu jam sebelum tidur?",2024-05-16
19829,Benar,"Benar, Kasus Demam Berdarah Dengue Tinggi karena Perubahan Iklim","Kementerian Kesehatan menyatakan bahwa tingginya angka kasus Demam Berdarah Dengue disebabkan oleh perubahan iklim. Perubahan iklim dipandang membebani pelayanan dan sistem kesehatan karena membuat kasus Demam Berdarah semakin naik. “Sebagai contoh kekeringan. Ketika desa diterpa kekeringan, orang-orang pun pindah ke kota. Ketika pindah ke kota, maka kota semakin padat dan hal itu dapat membuat kasus semakin naik,” ujar Direktur Pencegahan dan Pengendalian Penyakit Menular Kemenkes Imran Pambudi pada 22 April 2024. Benarkah pernyataan Kemenkes bahwa angka kasus Demam Berdarah naik akibat perubahan iklim?",2024-05-14
19791,Benar,"Benar, Video Demonstrasi Warga Jepang Terkait Pandemic Treaty","Kolase video yang memperlihatkan aksi demonstrasi warga Jepang menggelar demonstrasi menolak World Health Organisation (WHO) Pandemic Treaty atau Perjanjian Pandemi, beredar di media sosial. Di Instagram, video tersebut dibagikan akun ini pada 3 Mei 2024. ""Rakyat Jepang menolak WHO Pandemic Treaty,"" tulis akun tersebut. Hingga artikel ini dimuat, kolase video tersebut telah mendapat 112 komentar dan dibagikan sebanyak 89 kali dibagikan. Apa benar ini video demonstrasi warga Jepang menolak Pandemic Treaty?",2024-05-13
19586,Benar,"Benar, Klaim Konsumsi Mie Instan dan Nasi Secara Rutin Memicu Risiko Diabetes, Hipertensi dan Kanker","Sebuah video dengan narasi yang menyebutkan bahwa makan nasi dengan mie instan tidak baik untuk kesehatan. Orang yang terlalu sering makan mie instan campur nasi diklaim berisiko diabetes, hipertensi, dan kanker. Di Facebook, video reels [ arsip ] tersebut dibagikan akun ini. ""Orang yang terlalu sering makan mie instan campur nasi beresiko terhadap malnutrisi, diabetes, hipertensi dan kanker,"" kata seseorang dalam video tersebut. Hingga artikel ini dimuat, video tersebut telah mendapat 668 komentar dan dibagikan sebanyak 3.900 kali. Apa benar orang yang terlalu sering makan mie instan campur nasi berisiko terhadap, diabetes, hipertensi dan kanker?",2024-05-04
19209,Benar,"Benar, Video Serangan Rudal Iran Melewati Masjid Al Aqsa di Israel pada 13 April 2024","Video yang memperlihatkan sejumlah rudal Iran melewati kubah Masjid Al Aqsa, beredar di media sosial. Video tersebut dibagikan dengan narasi bahwa rudal-rudal tersebut dikirim dari Iran untuk menyerang wilayah Israel. Di Facebook [ arsip ], video reels tersebut diunggah akun ini. Berikut narasinya: ""Rudal-rudal melewati Masjid Al Aqsa. Ribuan rudal dikirim dari Iran"". Hingga artikel ini dimuat, video tersebut telah mendapat lebih dari 1.900 komentar dan dibagikan lebih dari 1.500 kali. Apa benar ini video serangan rudal Iran melewati Masjid Al Aqsa untuk menyerang Israel pada 13 April 2024?",2024-04-19
16812,Benar,"Benar, Pernyataan Prabowo Subianto soal Angka Rasio Pajak Indonesia","Calon presiden nomor urut 02, Prabowo Subianto, menyatakan keinginannya untuk menaikkan tax ratio Indonesia karena masih sekitar 10%. Angka ini lebih kecil dibandingkan negara-negara Asia Tenggara lainnya, seperti Malaysia, Thailand, Vietnam, maupun Kamboja. ""Our tax ratio banyak bisa di-improve, sekarang 10% dan tetangga kita, Thailand di 16%, Malaysia 16%, Vietnam (dan) Kamboja sekitar 16%, 17%, 18%,” ujarnya saat menghadiri Mandiri Investment Forum 2024 di Fairmont, Jakarta, Selasa, Maret 2024. Menurutnya, peningkatan rasio pajak sangat penting karena hal ini yang akan menjadi fokus utama Prabowo ke depan. Sehingga, ia sekaligus meminta pandangan dari para pakar ekonomi Indonesia yang hadir di forum itu. Benarkah pernyataan Prabowo Subianto itu?",2024-03-21
16741,Benar,"Benar, Pernyataan Prabowo Tentang Demokrasi Indonesia yang Sangat Melelahkan, Berantakan, dan Mahal","Calon Presiden nomor urut 02, Prabowo Subianto, menyatakan bahwa demokrasi Indonesia sangat melelahkan, berantakan, dan mahal. ""Dan izinkan saya memberi kesaksian bahwa demokrasi sangat-sangat melelahkan, demokrasi sangat berantakan, demokrasi sangat costly (menghabiskan biaya). Dan kita sampai sekarang masih tidak puas dengan demokrasi kita,"" ujarnya ketika menghadiri Mandiri Investment Forum 2024 di Fairmont Hotel, Jakarta, Selasa, 5 Maret 2024. Meski begitu, Prabowo mengatakan setidaknya sudah ada 80% penduduk Indonesia yang memberikan hak suara seperti dikutip dari CNBC Indonesia. Menurutnya, jumlah itu tidak terlalu buruk mengingat banyak negara demokrasi lain yang pemilihnya kurang dari 50%. Benarkah pernyataan Prabowo itu?",2024-03-19
16225,Benar,[SALAH] KECURANGAN PEMILU 2024 MULAI DIUSUT BIKIN PRABOWO PANIK TOTAL,GEGER MALAM INI…!!! HAK ANGKET KECURANGAN PEMILU MULAI DI KUSUT PRABOWO MULAI PANIK…!!! BREAKING NEWS PRABOWO PANIK TOTAL KECURANGAN PEMILU 2024 MULAI DI KUSUT TUNTAS,2024-02-25
16140,Benar,"Benar, Foto yang Memuat Teks Partai Buruh Dianulir di Dapil Jawa Tengah III",Tempo mendapatkan permintaan pembaca pada 14 Februari 2024 untuk memverifikasi foto yang menyebut Partai Buruh dianulir. Partai Buruh merupakan salah satu partai yang telah ditetapkan sebagai peserta Pemilu 2024 oleh Komisi Pemilihan Umum atau KPU. Partai ini mendapatkan nomor urut 6. Benarkah foto tersebut dipasang di TPS saat Pemilu 14 Februari 2024?,2024-02-21
16088,Benar,"Benar, Video Surat Suara Pemilu 2024 Dicoblos Sejumlah Anak di Luar TPS","Sebuah video menunjukkan sejumlah anak yang mencoblos surat suara Pemilu 2024 di luar TPS, beredar luas di X, YouTube dan Instagram. “Surat suara dicoblos oleh bocah-bocah bukan di kotak tps pula. Yang jelas, yang mereka coblos adalah pasangan yang posisinya di tengah. Jelas ini ada yang memberi arahan secara massif,” tulis si akun penyebar. Dalam video, anak-anak terlihat sedang berbagi tugas, termasuk ada yang membuka kertas suara, mencoblos, lalu ada yang kembali melipat surat suara. Sejak dibagikan pada Rabu, 14 Februari 2024, rekaman video berdurasi 47 detik itu sudah mendapat banyak reaksi, termasuk 3 ribuan komentar, 23 ribuan kali di-retweet, disukai 41 ribuan pengguna X, 2 ribuan kali disimpan dan 1,9 juta kali tayang. Namun, benarkah kertas suara dicoblos anak-anak bukan di Tempat Pemungutan Suara (TPS)?",2024-02-19
16036,Benar,"Benar, Video yang berisi Logistik Pemilu di Distrik Kebo, Paniai, Dibakar","Sebuah videoreels yang memperlihatkan tumpukan logistik Pemilu yang terbakar beredar di media sosial. Video tersebut beredar dengan klaim bahwa logistik pemilu di Distrik Kebo, Kabupaten Paniai, Provinsi Papua Tengah dibakar warga karena kecewa formulir C1 palsu. Di Facebook, video tersebut dibagikan akun ini [ arsip ] pada 13 Februari 2024. Dalam video juga disertakan narasi, ""Logistik Pemilu dibakar kecewa C1 KWK Hologram"". Hingga artikel ini dimuat, video tersebut telah mendapat lebih dari 1.900 komentar dan dibagikan lebih dari 8.700 kali. Apa benar warga Paniai bakar logistik Pemilu karena mendapat Formulir C1 palsu?",2024-02-16
16022,Benar,"Benar, Video tentang Temuan Surat Suara yang Tercoblos Sebelum Pemilu 2024 di Garut","Beredar di media sosial, sebuah video yang menunjukkan petugas KPPS di TPS 17 Desa Simpang Sari, Kecamatan Cisurupan menunjukkan surat suara Calon Presiden dan Wakil Presiden 2024 sudah tercoblos sebelum pemilihan berlangsung. Petugas KPPS dalam video tersebut mengatakan""…..ini TPS 17 Desa Simpang Sari, Kecamatan Cisurupan, Kabupaten Garut ya, bahwa sudah banyak suara yang sudah dicoblos suara nomor 2 dan nomor 3 presiden ya semua perhatiannya semua nya semua nya KPPS nah. Tidak bermaksud menyudutkan satu pasangan calon manapun tapi melaporkan temuan kami di lapangan. Ketika hendak memberikan suara yang baru ternyata surat suara tersebut sudah tercoblos….” Berikut pemeriksaan faktanya.",2024-02-15
16001,Benar,"Benar, Video Surat Suara Tercoblos di TPS 54 Bogor","Video pendek yang memperlihatkan surat suara tercoblos di sebuah TPS 54, beredar di media sosial Twitter atau X. Seorang laki-laki menunjukkan surat suara pemilihan presiden dan wakil presiden yang telah tercoblos di sebuah TPS. Pencoblosan ada di paslon 02, Prabowo-Gibran. Suara dalam video tersebut menyebut bahwa surat suara yang diperlihatkan adalah surat suara keempat yang sudah tercoblos di TPS itu. Benarkah ada surat suara yang sudah tercoblos di TPS 54?",2024-02-14
15925,Benar,[SALAH] FOTO KAMPANYE 01 DI JAKARTA INTERNATIONAL STADIUM HARI INI 10 FEBRUARI 2024,"…So far ini foto terbaik kampanye 01 di Jakarta International Stadium pada hari ini. JIS vs GBK tersaji hari ini 01 di JIS vs 02 di GBK Massa #KumpulAkbarJIS01 tidak berbayar sama sekali. Sementara massa #KamuKITA02BIRUinGbk di GBK sebagian besar kek’y massa berbayar. (“,)",2024-02-12
15860,Benar,"Benar, Klaim Ganjar Pranowo bahwa Tidak Ada Insentif untuk Anak Muda Menjadi Petani","Calon Presiden nomor urut 3, Ganjar Pranowo, mengatakan bahwa selama ini tidak pernah ada insentif yang diberikan kepada muda menjadi petani. Untuk itu, dia akan menyiapkan beberapa insentif guna menarik minat anak muda menjadi petani. “Tidak pernah ada insentif yang diberikan kepada anak muda untuk menjadi petani, modernisasi jadi pilihan dengan digitalisasi pertanian. Lahan sempit harus dilakukan pola konsolidasi, lahan kan pernah punya uji coba waktu itu di Sukoharjo,” kata Ganjar dalam Dialog Capres bersama Kadin Indonesia di Jakarta, Kamis 11 Januari 2024 yang dikutip dari Liputan6.com. Benarkah klaim Ganjar yang menyebut tidak pernah ada insentif diberikan kepada anak muda untuk jadi petani?",2024-02-06
15849,Benar,"Benar, Klaim Anies bahwa 171 Kecamatan di 8 Provinsi Belum Memiliki Puskesmas","Calon Presiden nomor urut 1, Anies Baswedan mengklaim saat ini 15 dari 38 provinsi belum memiliki rumah sakit kelas A. Dan, dari 171 kecamatan di delapan provinsi belum memiliki puskesmas. Anies menyebut dua hal yang perlu dilakukan untuk meningkatkan kualitas kesehatan di Indonesia yaknisoft infrastructureseperti tenaga medisnya danhard infrastructure. “Ada kekurangan di aspekhard infrastructure, contohnya 15 dari 38 provinsi belum memiliki rumah sakit kelas A. Kemudian 171 kecamatan di 8 provinsi belum memiliki puskesmas,” kata Anies saat debat capres sesi kelima, Minggu, 4 Februari 2024. Benarkah klaim itu?",2024-02-05
15841,Benar,Cek Fakta: Anies Baswedan Sebut Ada 171 Kecamatan di 8 Provinsi Belum Miliki Puskesmas,"Debat Capres untuk Pemilu 2024 berlangsung di Jakarta Convention Centre (JCC), Senayan, Minggu (4/2/2024) malam. Capres Anies Baswedan menyampaikan bahwa ada 171 kecamatan di 8 provinsi belum miliki Puskemas. Inilah pernyataan lengkap yang disampaikan Anies Baswedan dalam Debat Pilpres 2024 seri kelima: Kita banyak memberikan perhatian pada aspek kuratifnya. Itu memang betul. Tapi jangan lupa aspek preventifnya. Dan ketika bicara aspek kuratif itu ada dua. Satu adalah soft infrastructure, itu tadi tenaga medisnya. Yang kedua, hard infrastructurenya. Apa itu? Misalnya nih 15 dari 38 provinsi belum memiliki rumah sakit kelas A. Ini harus dibangun. Kemudian 171 kecamatan di 8 propinsi ini belum memiliki puskesmas. Jadi kita harus memikirkan dua-duanya.",2024-02-05
15827,Benar,"Benar, Klaim Ganjar soal Cegah Stunting Dapat Dilakukan dengan Memberikan Gizi Sejak Dalam Kandungan atau Ibu Hamil","Calon Presiden Nomor Urut 3, Ganjar Pranowo pada debat capres 2024 sesi ke-5 menyatakan mencegahstuntingdapat dilakukan dengan memberikan gizi sejak di dalam kandungan atau ibu hamil. “Kalau ngasih makanannya untuk mencegah stunting saya sama sekali tidak setuju karena itu terlambat. Stunting ditangani sejak dalam kandungan, ibunya yang dikasih gizi, ibunya sehat anaknya pertumbuhannya dilihat. Kalau bapak kasih makan ke ibu hamil saya baru setuju pak, indeks kita bagus anaknya akan bagus. Kalau sudah lahir itu gizi buruk jangan sampaiconfuse itu gizi buruk, jangan sampai terjadi obesitas itu lebih berbahaya lagi. Ini yang kira-kira bisa dilakukan jadi mengatasi stunting sejak ibu hamil,” ujarnya saat debat capres 2024 kelima, Minggu, 4 Februari 2024. Lantas benarkah mencegahstunting dapat dilakukan dengan memberikan gizi sejak di dalam kandungan atau ibu hamil?",2024-02-04
15825,Benar,"Benar, Klaim Anies Terkait Jumlah Laporan Kekerasan Terhadap Perempuan 8 Tahun Terakhir Mencapai 3,2 Juta Kasus","Calon Presiden nomor urut 01 untuk Pilpres 2024, Anies Baswedan, mengatakan bahwa selama delapan tahun terakhir terdapat 3,2 juta laporan kasus kekerasan terhadap perempuan. “Karena kita menyaksikan jumlah kekerasan pada perempuan luar biasa banyak, tinggi. Catatannya ada 3,2 juta kasus selama 8 tahun terakhir ini. Itu yang tercatat, itu yang terlaporkan. Dan perempuan ini harus dimuliakan, harus dilindungi, dan kekerasan terhadap perempuan tidak boleh disepelekan,” kata Anies dalam Debat Capres yang digelar Komisi Pemilihan Umum (KPU), Minggu, 4 Februari 2024. Namun, benarkah klaim yang mengatakan dalam delapan tahun terakhir terdapat 3,2 juta laporan kasus kekerasan terhadap perempuan?",2024-02-04
15822,Benar,"Benar, Klaim Prabowo Bahwa Stroke dan Jantung Penyebab Kematian Utama Indonesia dan Jumlah Dokter Spesialis yang Belum Memadai","Calon Presiden nomor urut 2 untuk Pilpres 2024, Prabowo Subianto, mengatakan bahwa terdapat dua penyebab utama angka kematian penduduk Indonesia, yakni penyakit stroke dan jantung. Hal itu disebabkan di beberapa kabupaten tidak ada dokter spesialis jantung dan stroke, serta tidak ada fasilitasCT scanyang memadai. “Jadi saya lebih ke arah solutif langsung dan cepat, masalah kesehatan di Indonesia adalah kurangnya dokter, kurang 140.000 dokter itu yang utama. Bayangkan kalau ada yang kena stroke atau jantung, dua sebab kematian di beberapa kabupaten tidak ada dokter spesialis jantung atau spesialis stroke. Dua, perlengkapan yang memadaiCT scan, jarang ada di kabupaten. Ini harus kita atasi,” kata Prabowo dalam Debat Capres Pilpres yang digelar KPU, Minggu, 4 Februari 2024. Namun, benarkah klaim yang mengatakan angka kematian penduduk Indonesia yang utama adalah stroke dan jantung?",2024-02-04
15820,Benar,"Benar, Klaim Prabowo Subianto bahwa Indonesia Kekurangan 140 ribu Dokter","Calon Presiden nomor urut 2 Prabowo Subianto mengatakan Indonesia kekurangan 140 ribu dokter. “Kita kekurangan 140.000 dokter dan itu akan segera kita atasi dengan cara kita akan menambah fakultas Kedokteran di Indonesia dari 92 dan kita akan membangun 300 fakultas kedokteran dan mengirim 10.000 anak-anak pintar dan kita kirim beasiswa ke luar negeri untuk belajar kedokteran dan 10.000 lagi untuk belajar science, teknologi dan fisika, itu kita rebut teknologi dan sains,” kata Prabowo dalam debat kandidat Pemilu 2024 yang digelar KPU, Minggu, 4 Februari 2024. Benarkah klaim itu?",2024-02-04
15819,Benar,"Benar, Klaim Ganjar Pranowo bahwa Buruh Menuntut Revisi UU Cipta Kerja","Calon Presiden nomor urut 3, Ganjar Pranowo, mengatakan buruh menuntut revisi Undang-undang Cipta Kerja. Hal itu disampaikan Ganjar Pranowo saat debat kandidat pada Minggu 4 Februari 2024. ""Kawan-kawan buruh yang kemarin bertemu dengan saya tolong segera review UU Cipta Kerja, karena ini yang perlu mendapatkan keseimbangan dengan nasib kami dan tentu saja pembangunan ini harus berorientasi pada SDM atau manusia, budi pekerti yang baik sopan toleran tidak adigang adigung adiguna sehingga mereka bisa menjadi manusia berbudaya yang lengkap,"" kata Ganjar dalam Debat Kandidat KPU, Minggu 4 Februari 2024.",2024-02-04
15818,Benar,"Prabowo: Serangan Jantung Penyebab Kematian Terbesar, Faktanya?","Calon presiden (capres) nomor urut 2, Prabowo Subianto membeberkan, penderita stroke atau serangan jantung menyebabkan kematian terbesar di Indonesia. “Bayangkan, kalau ada yang kena stroke atau serangan jantung, dua sebab yang paling besar kematian,” ucap Prabowo dalam Debat Capres Kelima Pilpres 2024 di Jakarta Convention Center (JCC), Jakarta, Minggu (4/1/2024).",2024-02-04
15817,Benar,Cek Fakta: Klaim Penyakit Stroke dan Jantung Jadi Penyebab Utama Kematian di Indonesia,"Calon presiden nomor urut 2, Prabowo Subianto mengungkapkan bahwa penyakit stroke dan jantung merupakan penyebab utama kematian di Indonesia. Hal ini disampaikan Prabowo saat debat capres Pilpres 2024 di Jakarta Convention Center (JCC), Senayan, Jakarta. ""Jadi saya lebih ke arah solutif langsung dan cepat, masalah kesehatan di Indonesia adalah kurangnya dokter, kurang 140 ribu dokter itu yang utama. Bayangkan kalau ada yang kena stroke atau jantung, dua sebab kematian di beberapa kabupaten tidak ada dokter spesialis jantung atau spesialis stroke. Dua, perlengkapan yang memadai CT Scan PET Scan, jarang ada di kabupaten. Ini harus kita atasi,"" kata Prabowo, Minggu (4/2/2024).",2024-02-04
15816,Benar,CEK FAKTA: Prabowo Sebut Stroke dan Jantung Jadi Penyebab Utama Kematian di Indonesia,"Debat Capres untuk Pemilu 2024 berlangsung di Jakarta Convention Centre (JCC), Senayan, Minggu (4/2/2024) malam. Dalam debat tersebut, Capres nomor urut 02 Prabowo Subianto menyebut dua penyebab kematian tertinggi di Indonesia adalah stroke dan jantung. Inilah pernyataan lengkap yang disampaikan Prabowo Subianto dalam Debat Pilpres 2024 seri kelima: Jadi saya lebih ke arah solutif langsung dan cepat, masalah kesehatan di Indonesia adalah kurangnya dokter, kurang 140.000 dokter itu yang utama. Bayangkan kalau ada yang kena stroke atau jantung. Dua sebab kematian di beberapa kabupaten, tidak ada dokter spesialis jantung atau spesialis stroke. Dua, perlengkapan-perlengkapan yang memadai CT Scan, Pet Scan, jarang ada di kabupaten. Ini harus kita atasi.",2024-02-04
15812,Benar,"CEK FAKTA: Ganjar Sebut Cegah Stunting dengan Gizi Sejak Dalam Kandungan, Benarkah?","Debat Capres untuk Pemilu 2024 berlangsung di Jakarta Convention Centre (JCC), Senayan, Minggu (4/2/2024) malam. Dalam debat tersebut, Capres nomor urut 03 Ganjar Pranowo menyebut bahwa mencegah stunting dilakukan dengan pemberian gizi sejak dalam kandungan. Pernyataan tersebut disampaikan ketika ditanya capres Prabowo Subianto. Inilah pernyataan lengkap yang disampaikan Ganjar Pranowo dalam Debat Pilpres 2024 seri kelima: Kalau ngasih makanannya untuk mencegah stunting saya sama sekali tidak setuju karena itu terlambat. Stunting ditangani sejak dalam kandungan, ibunya yang dikasih gizi, ibunya sehat anaknya pertumbuhannya dilihat. Kalau bapak kasih makan ke ibu hamil saya baru setuju pak, indeks kita bagus anaknya akan bagus. Kalau sudah lahir itu gizi buruk jangan sampai confuse itu gizi buruk, jangan sampai terjadi obesitas itu lebih berbahaya lagi. Ini yang kira-kira bisa dilakukan jadi mengatasi stunting sejak ibu hamil.",2024-02-04
15810,Benar,Cek Fakta: Ganjar Pranowo Sebut Pernah Membebaskan Pekerja Migran Indonesia Bermasalah,"Debat Capres untuk Pemilu 2024 berlangsung di Jakarta Convention Centre (JCC), Senayan, Minggu (4/2/2024) malam. Dalam debat tersebut, Capres nomor urut 03 Ganjar Pranowo menyampaikan pernah membebaskan pekerja migran Indonesia yang mengalami masalah di Arab Saudi, Sudan, dan Kamboja. Inilah pernyataan lengkap yang disampaikan Ganjar Pranowo dalam Debat Pilpres 2024 seri kelima: Dari pengalaman kami pernah membebaskan pekerja yang bermasalah di Arab Saudi, Sudan, dan Kamboja, mereka yang terindikasi TPPO.",2024-02-04
15809,Benar,"Cek Fakta: Anies Baswedan Ada 3,2Juta Kasus Kekerasan pada Perempuan Selama 8 Tahun Terakhir","Debat Capres untuk Pemilu 2024 berlangsung di Jakarta Convention Centre (JCC), Senayan, Minggu (4/2/2024) malam. Capres nomor 01 Anies Baswedan menyampaikan bahwa ada 3,2 juta kasus kekerasan pada perempuan selama 8 tahun terakhir. Inilah pernyataan lengkap yang disampaikan Anies Baswedan dalam Debat Pilpres 2024 seri kelima: Kita menyaksikan jumlah kekerasan pada perempuan luar biasa banyak. Tinggi. Catatannya ada 3,2 juta kasus selama 8 tahun terakhir ini. Itu yang tercatat. Itu yang terlaporkan. Dan perempuan ini harus dimuliakan. Harus dilindungi dan kekerasan terhadap perempuan tidak boleh disepelekan.",2024-02-04
15807,Benar,"Benar, Klaim Ganjar soal Cegah Stunting Dapat Dilakukan dengan Memberikan Gizi Sejak Dalam Kandungan atau Ibu Hamil","Beranda Cek Fakta Benar, Klaim Ganjar soal Cegah Stunting Dapat Dilakukan dengan Memberikan Gizi Sejak Dalam Kandungan atau Ibu Hamil Minggu, 4 Februari 2024 22:24 WIB Bagikan image social image social image social image social Benar, Klaim Ganjar soal Cegah Stunting Dapat Dilakukan dengan Memberikan Gizi Sejak Dalam Kandungan atau Ibu Hamil Calon Presiden Nomor Urut 3, Ganjar Pranowo pada debat capres 2024 sesi ke-5 menyatakan mencegah stunting dapat dilakukan dengan memberikan gizi sejak di dalam kandungan atau ibu hamil. “Kalau ngasih makanannya untuk mencegah stunting saya sama sekali tidak setuju karena itu terlambat. Stunting ditangani sejak dalam kandungan, ibunya yang dikasih gizi, ibunya sehat anaknya pertumbuhannya dilihat. Kalau bapak kasih makan ke ibu hamil saya baru setuju pak, indeks kita bagus anaknya akan bagus. Kalau sudah lahir itu gizi buruk jangan sampai confuse itu gizi buruk, jangan sampai terjadi obesitas itu lebih berbahaya lagi. Ini yang kira-kira bisa dilakukan jadi mengatasi stunting sejak ibu hamil,” ujarnya saat debat capres 2024 kelima, Minggu, 4 Februari 2024. Lantas benarkah mencegah stunting dapat dilakukan dengan memberikan gizi sejak di dalam kandungan atau ibu hamil?",2024-02-04
15806,Benar,"Benar, Klaim Anies Terkait Jumlah Laporan Kekerasan Terhadap Perempuan 8 Tahun Terakhir Mencapai 3,2 Juta Kasus","Calon Presiden nomor urut 01 untuk Pilpres 2024, Anies Baswedan, mengatakan bahwa selama delapan tahun terakhir terdapat 3,2 juta laporan kasus kekerasan terhadap perempuan. “Karena kita menyaksikan jumlah kekerasan pada perempuan luar biasa banyak, tinggi. Catatannya ada 3,2 juta kasus selama 8 tahun terakhir ini. Itu yang tercatat, itu yang terlaporkan. Dan perempuan ini harus dimuliakan, harus dilindungi, dan kekerasan terhadap perempuan tidak boleh disepelekan,” kata Anies dalam Debat Capres yang digelar Komisi Pemilihan Umum (KPU), Minggu, 4 Februari 2024. Namun, benarkah klaim yang mengatakan dalam delapan tahun terakhir terdapat 3,2 juta laporan kasus kekerasan terhadap perempuan?",2024-02-04
15800,Benar,CEK FAKTA: Prabowo Sebut Stroke dan Jantung Penyebab Kematian Utama di Indonesia,"alon presiden (capres) nomor 2 Prabowo Subianto mengatakan, dua penyebab kematian utama di Indonesia yakni karena penyakit stroke dan jantung. Menurut Prabowo, hal itu terjadi karena di beberapa kabupaten tidak ada dokter spesialis jantung dan stroke, dan tidak ada fasilitas CT scan yang memadai.",2024-02-04
15799,Benar,"Prabowo Bilang Indonesia Kekurangan 140 Ribu Dokter, Apa Iya?","Prabowo Bilang Indonesia Kekurangan 140 Ribu Dokter ""Kami akan segera mempercepat, mengatasi kekurangan dokter di Indonesia, kita kekurangan sekitar 140.000 dokter dan itu akan kita segera atasi dengan cara kita akan menambah fakultas kedokteran di Indonesia. Dari yang sekarang 92, kita akan membangun 300 fakultas kedokteran,” kata Prabowo dalam Debat Kelima Pilpres 2024 di Jakarta Convention Center (JCC), Jakarta, Minggu (4/1/2024).",2024-02-04
15798,Benar,"Anies Sebut 70 Juta Orang Tak Punya Jaminan Sosial, Ini Faktanya","Anies Sebut 70 Juta Orang Tak Punya Jaminan Sosial “Bicara jaminan sosial, lebih dari 70 juta orang tidak punya jaminan sosial,” kata Anies dalam Debat Capres Kelima Pilpres 2024 di Jakarta Convention Center (JCC), Jakarta, Minggu (4/1/2024).",2024-02-04
15796,Benar,Benarkah semua guru dan dosen di Jakarta dibebaskan PBB?,"Calon presiden nomor urut satu Anies Baswedan menyebut semua guru dan dosen di Jakarta dibebaskan dari Pajak Bumi dan Bangunan (PBB). “Kami ceritakan sedikit yang kami kerjakan di Jakarta. Guru-guru PAUD mendapatkan hibah di Jakarta, dan guru-guru agama mendapat bantuan. Semua guru dan dosen di Jakarta bebas PBB rumahnya. Sebagai bentuk penghargaan dari negara,"" kata Anies Baswedan dalam debat kelima yang diselenggarakan oleh Komisi Pemilihan Umum (KPU) di Jakarta, Ahad.",2024-02-04
15794,Benar,"Ganjar Bilang Ada Pabrik Gadget di Semarang, Ini Faktanya","Calon presiden (Capres) nomor urut 3, Ganjar Pranowo, menuturkan, Indonesia mempunyai industri smartphone di Semarang, Jawa Tengah. Hal itu disampaikan dalam debat kelima pilpres 2024 di Jakarta Convention Center (JCC), Jakarta, Minggu (4/1/2024). ""Kita punya industri swasta untuk gadget, pabriknya ada di Semarang. Harganya terjangkau, lebih murah,” kata Ganjar.",2024-02-04
15793,Benar,"Cek Fakta: Anies Baswedan Sebut Ada 1,6 Juta Guru Belum Tersertifikasi","Debat Capres untuk Pemilu 2024 berlangsung di Jakarta Convention Centre (JCC), Senayan, Minggu (4/2/2024) malam. Capres nomor urut 01 Anies Baswedan menyampaikan bahwa ada puluhan ribu guru honorer belum diangkat menjadi guru PPPK. Ada 1,6 juta guru belum tersertifikasi.",2024-02-04
15792,Benar,Cek Fakta: Prabowo Subianto Sebut Dokter Spesialis Jantung dan Stroke Belum Merata,"Debat Capres untuk Pemilu 2024 berlangsung di Jakarta Convention Centre (JCC), Senayan, Minggu (4/2/2024) malam. Capres nomor urut 02 Prabowo Subianto menyampaikan bahwa masalah kesehatan di Indonesia adalah kurangnya dokter, kurang 140.000 dokter itu yang utama. Prabowo Subianto menyebutkan jika ada masyarakat yang terkena stroke atau jantung, di beberapa kabupaten tidak ada dokter spesialis jantung atau spesialis stroke. Inilah pernyataan lengkap yang disampaikan Prabowo Subianto dalam Debat Pilpres 2024 seri kelima: Jadi saya lebih ke arah solutif langsung dan cepat, masalah kesehatan di Indonesia adalah kurangnya dokter, kurang 140.000 dokter itu yang utama. Bayangkan kalau ada yang kena stroke atau jantung, dua sebab kematian di beberapa kabupaten tidak ada dokter spesialis jantung atau spesialis stroke. Dua, perlengkapan-perlengkapan yang memadai CT Scan Pet Scan, jarang ada di kabupaten. Ini harus kita atasi.",2024-02-04
15791,Benar,"Cek fakta, klaim Anies puluhan ribu guru honorer tidak diangkat jadi guru PPPK","Anies Rasyid Baswedan menyebut ribuan guru honorer tidak diangkat jadi guru Pegawai Pemerintah dengan Perjanjian Kerja (PPPK) dan 1,6 juta guru belum tersertifikasi.",2024-02-04
15788,Benar,"(CEK FAKTA Debat) Ganjar Klaim Gaji Guru SMA-SMK di Jateng Sesuai UMR Plus 10 Persen, Benar Tapi...",Calon presiden nomor urut 03 Ganjar Pranowo mengklaim menaikkan gaji guru SMA-SMK di Jawa Tengah sesuai Upah Minimum Provinsi (UMP) Jawa Tengah.,2024-02-04
15785,Benar,"Cek fakta, benarkah Ganjar menggaji guru honorer SMA/SMK di Jateng sesuai UMP ditambah 10 persen?","Ganjar menggaji guru honorer SMA/SMK di Jateng sesuai UMP ditambah 10 persen “Ketika pendidikan SMA dan SMK diserahkan pada provinsi, maka saya bertanya berapa gajinya? Gajinya 300.000. Maka saya minta para guru diberi gaji sesuai UMR Jawa Tengah, UMK dan plus ditambah 10 persen,” kata Ganjar dalam debat kelima yang diselenggarakan oleh Komisi Pemilihan Umum (KPU) di Jakarta, Ahad",2024-02-04
15784,Benar,Cek Fakta Debat Capres: Anies Sebut Puluhan Ribu Guru Honorer Belum Jadi PPPK,"Calon presiden (capres) no urut 01 Anies Baswedan menyebut puluhan ribu guru honorer belum diangkat menjadi Pegawai Pemerintah dengan Perjanjian Kerja (PPPK) dan sebanyak 1,6 juta guru belum tersertifikasi. Hal tersebut disampaikan dalam visi-misi debat kelima Pilpres 2024 di JCC Senayan, Minggu (4/2/2024) malam.",2024-02-04
15783,Benar,Cek Fakta Debat Capres 2024: Ganjar Klaim Gaji Guru Honorer Jateng UMP Plus 10%,"Ganjar Klaim Gaji Guru Honorer Jateng UMP Plus 10% “Saya bercerita pengalaman saja, ketika pendidikan SMA, SMK, dan SLB diserahkan pada provinsi, maka saya bertanya berapa gajinya? Gajinya Rp300.000. Maka saya minta para guru diberi gaji sesuai UMP Jawa Tengah ditambah 10%,” ujar capres yang didampingi cawapres Mahfud Md pada Pilpres 2024 tersebut",2024-02-04
15781,Benar,"Cek Fakta: Anies Baswedan Klaim Ada 1,6 Juta Guru Belum Tersertifikasi, Benarkah?","Calon Presiden nomor urut satu Anies Baswedan menyebut ada 1,6 juta guru belum tersertifikasi. Hal itu disampaikan dalam debat Capres kelima yang digelar di Jakarta, Minggu (4/2/2024).",2024-02-04
15780,Benar,CEK FAKTA: Ganjar Sebut Anggaran Kesehatan 5-10 Persen Bisa Perbaiki Layanan,"Ganjar Sebut Anggaran Kesehatan 5-10 Persen Bisa Perbaiki Layanan ""Hanya memang, ketika undang-undang sebelumnya mengatur bahwa ada persentase dari anggaran kesehatan mesti diberikan, terpotong kemarin. Rasanya ini mesti dikembalikan, angka 5-10 persen menjadi angka yang bisa memastikan layanan itu bisa jauh lebih baik,"" kata Ganjar.",2024-02-04
15778,Benar,"Cek fakta, Prabowo klaim stroke dan jantung penyebab utama kematian",Calon presiden nomor urut dua Prabowo Subianto mengatakan terdapat dua penyebab kematian utama yaitu stroke dan jantung terjadi karena di beberapa kabupaten karena tidak ada dokter spesialis.,2024-02-04
15777,Benar,"Cek fakta, Ganjar klaim anggaran kesehatan hanya 5 persen dari APBN",Ganjar klaim anggaran kesehatan hanya 5 persen dari APBN,2024-02-04
15775,Benar,"Benar, Klaim Prabowo Bahwa Stroke dan Jantung Penyebab Kematian Utama Indonesia dan Jumlah Dokter Spesialis yang Belum Memadai","Calon Presiden nomor urut 2 untuk Pilpres 2024, Prabowo Subianto, mengatakan bahwa terdapat dua penyebab utama angka kematian penduduk Indonesia, yakni penyakit stroke dan jantung. Hal itu disebabkan di beberapa kabupaten tidak ada dokter spesialis jantung dan stroke, serta tidak ada fasilitas CT scan yang memadai.",2024-02-04
15771,Benar,"CEK FAKTA: [BENAR], Ganjar Klaim Diminta Buruh Untuk Review UU Ciptaker",Ganjar Klaim Diminta Buruh Untuk Review UU Ciptaker .,2024-02-04
15770,Benar,Cek Fakta: Ganjar Sebut Buruh Menuntut Revisi UU Cipta Kerja,"Debat Capres untuk Pemilu 2024 berlangsung di Jakarta Convention Centre (JCC), Senayan, Minggu (4/2/2024) malam. Capres nomor urut 03 Ganjar Pranowo menyebut buruh menuntut revisi Undang-Undang Cipta Kerja (UU Ciptaker). Inilah pernyataan lengkap yang disampaikan Ganjar Pranowo dalam Debat Pilpres 2024 seri kelima: Sehingga kawan-kawan buruh yang kemarin bertemu dengan saya, tolong segera review UU Cipta Kerja, karena ini yang perlu mendapatkan keseimbangan dengan nasib kami dan tentu saja pembangunan ini harus berorientasi pada SDM atau manusia, budi pekerti yang baik sopan toleran tidak adigang adigung adiguna sehingga mereka bisa menjadi manusia berbudaya yang lengkap.",2024-02-04
15768,Benar,Cek Fakta: Prabowo Sebut Stroke dan Serangan Jantung Jadi Penyebab Terbesar Kematian di Indonesia,Calon Presiden Nomor Urut 2 Prabowo Subianto menyatakan bahwa stroke dan serangan jantung menjadi dua penyebab terbesar kematian di Indonesia. Prabowo sedang berbicara Indonesia kekurangan 140 ribu dokter.,2024-02-04
15767,Benar,Cek Fakta: Ganjar Sebut Buruh Menuntut Revisi UU Cipta Kerja? Begini Faktanya,"Ganjar Sebut Buruh Menuntut Revisi UU Cipta Kerja? Begini Faktanya ""Sehingga kawan-kawan buruh yang kemarin bertemu dengan saya tolong segera review UU Cipta Kerja, karena ini yang perlu mendapatkan keseimbangan dengan nasib kami dan tentu saja pembangunan ini harus berorientasi pada SDM atau manusia, budi pekerti yang baik sopan toleran tidak adigang adigung adiguna sehingga mereka bisa menjadi manusia berbudaya yang lengkap"" kata Ganjar.",2024-02-04
15766,Benar,CEK FAKTA: Prabowo Sebut Indonesia Kekurangan Sekitar 140.000 Dokter,"Calon presiden (capres) nomor 2 Prabowo Subianto mengatakan, Indonesia saat ini kekuarang dokter sekitar 140.00 orang. Hal itu disampaikan Prabowo dalam debat kelima Pilpres 2024 di Jakarta Convention Center Jakarta Minggu (4/12/2024). “Kami akan segera mempercepat mengatasi kekurangan dokter di Indonesia. Kita kekurangan sekitar 140.000 dokter dan itu akan kita segera atasi dengan cara kita akan menambah fakultas kedokteran di Indonesia. Dari yang sekarang 92, kita akan membangun 300 fakultas kedokteran,"" ujar Prabowo.",2024-02-04
15764,Benar,"Cek Fakta Debat Capres 2024, Prabowo: Jantung & Stroke Sebab Kematian Tertinggi","Calon presiden (capres) nomor urut 02, Prabowo Subianto, menyebut penyakit jantung dan stroke menjadi penyebab kematian tertinggi di Indonesia. Itu ia sampaikan pada segmen kedua debat kelima pasangan capres-cawapres untuk Pemilihan Presien (Pilpres) 2024 di Jakarta Convention Center, DKI Jakarta, Minggu (4/2/2024) malam.",2024-02-04
15761,Benar,"Benar, Klaim Prabowo Subianto bahwa Indonesia Kekurangan 140 ribu Dokter",Calon Presiden nomor urut 2 Prabowo Subianto mengatakan Indonesia kekurangan 140 ribu dokter.,2024-02-04
15760,Benar,"CEK FAKTA: Prabowo Klaim Indonesia Kekurangan 140 Ribu Dokter, Bagaimana Faktanya?","Debat Pilpres 2024 terakhir digelar di JCC Convention Center Jakarta, Minggu (4/2/2024) malam. Dalam debat ini bertema kesehatan, pendidikan dan iklusi. Saat membacakan visi dan misinya, capres nomor urut 02, Prabowo Subianto mengatakan, bahwa Indonesia kekuarangan 140 ribu dokter. ""Kita kekurangan 140.000 dokter dan itu akan segera kita atasi dengan cara kita akan menambah fak (fakultas) Kedokteran di Indonesia, dari yang sekarang 92 dan kita akan membangun 300 fakultas kedokteran dan mengirim 10.000 anak-anak pinter dan kita kirim beasiswa ke luar negeri untuk belajar kedokteran dan 10.000 lagi untuk belajar sciece, teknologi dan fisika, itu kita tebut teknologi dan science,"" ujar Prabowo.",2024-02-04
15759,Benar,"Cek fakta, Prabowo sebut Indonesia kekurangan 140.000 dokter di Indonesia","Cek fakta, Prabowo sebut Indonesia kekurangan 140.000 dokter di Indonesia",2024-02-04
15757,Benar,Cek Fakta Debat Capes: Ganjar Sebut Buruh Tuntut Revisi UU Cipta Kerja,"Calon presiden (capres) no urut 03 Ganjar Pranowo menyebut buruh menuntut revisi Undang-undang Cipta Kerja (Ciptaker). Hal tersebut disampaikan dalam visi-misi debat kelima Pilpres 2024 di JCC Senayan, Minggu (4/2/2024) malam. Berdasarkan penelusuran Tim Cek Fakta, pernyataan Ganjar tersebut adalan benar. Serikat Pekerja telah mengajukan uji formil UU Cipta Kerja ke Mahkamah Konstitusi. Bahkan sejak kali pertama disahkan pada 2020 lalu, UU Cipta Kerja ditolak oleh berbagai serikat pekerja, akademisi, pegiat hak asasi manusia (HAM), hingga mahasiswa.",2024-02-04
15756,Benar,CEK FAKTA: Ganjar Klaim Diminta Buruh untuk Review UU Cipta Kerja,"Calon presiden (Capres) nomor urut 3, Ganjar Pranowo mengeklaim diminta oleh kelompok buruh untuk me-review atau meninjau kembali Undang-Undang Cipta Kerja. Hal itu disampaikan Ganjar dalam debat kelima capres yang digelar Komisi Pemilihan Umum (KPU) di Jakarta Convention Center (JCC), Minggu (4/2/2024). ""Kawan-kawan buruh kemarin bertemu dengan saya, 'Tolong, Pak, segera review Undang-Undang Cipta Kerja, karena ini yang perlu mendapatkan keseimbangan dengan nasib kami,"" kata Ganjar.",2024-02-04
15755,Benar,"Cek fakta, Ganjar klaim buruh tuntut revisi UU Ciptaker","Ganjar klaim buruh tuntut revisi UU Ciptaker ""Sehingga kawan-kawan buruh yang kemarin bertemu dengan saya tolong segera review UU Cipta Kerja, karena ini yang perlu mendapatkan keseimbangan dengan nasib kami dan tentu saja pembangunan ini harus berorientasi pada SDM atau manusia, budi pekerti yang baik sopan toleran tidak adigang adigung adiguna sehingga mereka bisa menjadi manusia berbudaya yang lengkap,” ujar Ganjar dalam debat kelima yang diselenggarakan oleh Komisi Pemilihan Umum (KPU) di Jakarta, Ahad.",2024-02-04
15754,Benar,"Benar, Klaim Ganjar Pranowo bahwa Buruh Menuntut Revisi UU Ciptakerja","Ganjar Pranowo, mengatakan buruh menuntut revisi Undang-undang Ciptakerja. Hal itu disampaikan Ganjar Pranowo saat debat kandidat pada Minggu 4 Februari 2024.",2024-02-04
15753,Benar,Cek Fakta: Klaim Indonesia Kekurangan 140 Ribu Dokter,"Calon presiden nomor urut 2, Prabowo Subianto menyebut bahwa pihaknya akan mengatasi kekurangan dokter di Indonesia jika terpilih menjadi presiden periode 2024-2029. Hal ini disampaikan Prabowo saat menyampaikan visi dan misi dalam debat capres di Jakarta Convention Center (JCC), Senayan, Jakarta, Minggu (4/2/2024). Menurut Prabowo, Indonesia saat ini masih kekurangan sekitar 140 ribu dokter.",2024-02-04
15752,Benar,Cek Fakta Debat Capres 2024: Prabowo Sebut Indonesia Kekurangan 140.000 Dokter,"Calon presiden (capres) nomor urut 02, Prabowo Subianto, menyebut Indonesia masih kekurangan 140.000 dokter. Hal itu ia sampaikan pada segmen penyamapaian visi-misi debat kelima pasangan capres-cawapres untuk Pemilihan Presien (Pilpres) 2024 di Jakarta Convention Center, DKI Jakarta, Minggu (4/2/2024) malam.",2024-02-04
15479,Benar,"Benar, Video tentang WNI di Taipei Lapor Surat Suara Dalam Amplop Telah Tercoblos","Sebuah video beredar di Instagram dan Facebook oleh akun ini, ini dan ini, yang menampilkan dua orang pria yang mengatakan terdapat surat suara Pemilu 2024 yang telah tercoblos dalam amplop pengiriman. Pria dalam video mengatakan bahwa surat suara yang dia pegang sudah tercoblos ketika berada dalam amplop tersegel. Hal itu dikatakan terjadi di Taipei, ibu kota Taiwan. Video juga memperlihatkan lubang bekas coblosan di surat suara bagian paslon capres-cawapres nomor 3, Ganjar Pranowo-Mahfud MD, dan caleg dari Partai Demokrasi Indonesia Perjuangan (PDIP). Namun, benarkah terdapat temuan seperti dalam video itu?",2024-01-24
15458,Benar,"Gibran sebut Indonesia sudah swasembada beras 2019-2022, benarkah?","Gibran sebut Indonesia sudah swasembada beras 2019-2022, benarkah?",2024-01-23
15456,Benar,CEK FAKTA: Benarkah Ada 2.500 Tambang Ilegal di RI Seperti Kata Cak Imin?,CEK FAKTA: Benarkah Ada 2.500 Tambang Ilegal di RI Seperti Kata Cak Imin?,2024-01-23
15450,Benar,"(CEK FAKTA Debat) Mahfud MD: Impor Pangan di Era Jokowi Makin Banyak, Benarkah?","Calon wakil presiden nomor urut 3 Mahfud MD menyebut impor pangan di era pemerintahan Joko Widodo semakin banyak. ""Pada 17 Februari 2019 dalam sebuah debat calon presiden, Pak Prabowo mengatakan bahwa Pak Jokowi menyampaikan tidak akan mengimpor komoditas pangan jika nanti terpilih jadi presiden. Ternyata, kata Prabowo, empat tahun memimpin, Pak Jokowi masih mengimpor dan itu merugikan banyak petani. Itu pertanyaan Pak Prabowo kepada Pak Jokowi saat itu,"" kata Mahfud MD dalam debat keempat cawapres Pemilu 2024 di Jakarta Convention Center (JCC) Jakarta, Minggu (21/1/2024). Saat itu Mahfud MD meminta tanggapan dari Gibran mengenai fakta pemerintahan Jokowi masih mengimpor pangan. ""Faktanya, per hari ini, impor kedelai 2 juta ton. Susu 280 ton, gula pasir 4 juta ton, beras 2,8 juta ton, daging sapi... Semakin banyak ini angkanya, semakin banyak impornya,"" kata Mahfud MD.",2024-01-23
15447,Benar,Cek Fakta: Mahfud MD Sebut Impor Pangan pada Masa Jokowi Semakin Banyak,"Debat Cawapres untuk Pemilu 2024 berlangsung di Jakarta Convention Centre (JCC), Senayan, Minggu (21/1/2024) malam. Dalam debat tersebut, cawapres nomor urut 03 Mahfud MD menyebut pada masa pemerintahan Presiden RI Jokowi impor pangan semakin banyak. Inilah pernyataan lengkap yang disampaikan Cawapres nomor urut 03 Mahfud MD dalam Debat Pilpres 2024 seri keempat: “Pada 17 Februari 2019 dalam sebuah debat presiden, Prabowo mengatakan bahwa Jokowi itu tidak akan mengimpor komoditas pangan jika nanti terpilih jadi presiden. Ternyata kata Prabowo, empat tahun memimpin, Jokowi masih mengimpor dan itu merugikan banyak petani. Itu pertanyaan Pak Prabowo kepada Pak Jokowi saat itu.”",2024-01-23
15438,Benar,"[SALAH] Kunjungi Makassar, Anies Baswedan Disambut Petinggi Partai Golkar","“Pak Anies ke Makassar disambut petinggi Golkar, gimana ceritanya?”",2024-01-22
15421,Benar,CEK FAKTA: Uji Klaim Mahfud MD Sebut Proyek Food Estate Gagal,"Calon Wakil Presiden (Cawapres) nomor urut 03 Mahfud MD mengatakan bahwa program food estate merupakan proyek yang gagal. Hal itu disampaikan oleh Mahfud pada Debat Keempat atau Debat Cawapres Kedua di Jakarta Convention Center (JCC), Minggu (21/1/2024). ""Jangan seperti food estate, yang gagal dan merusak lingkungan. Yang benar aja, rugi dong,"" ujar Mahfud, Minggu (21/1/2024). Adapun program food estate dilaksanakan sejak pertengahan 2020 pada area lahan sekitar 30.000 hektare. Namun demikian, pada saat yang sama, impor beras mencapai level tertinggi dalam lima tahun terakhir.",2024-01-22
15420,Benar,"CEK FAKTA: Cak Imin Singgung Anggaran Krisis Iklim Sedikit, Benarkah?","Calon Wakil Presiden (Cawapres) nomor urut 01 Muhaimin Iskandar atau Cak Imin mengatakan bahwa anggaran untuk mengatasi krisis iklim di Indonesia jauh di bawah anggaran sektor-sektor lainnya. Hal itu disampaikan oleh Cak Imin pada Debat Keempat atau Debat Cawapres Kedua di Jakarta Convention Center (JCC), Minggu (21/1/2024). Cak Imin mengatakan, krisis iklim dan bencana ekologis terjadi di mana-mana sehingga negara harus serius mengatasinya. ""Kita melihat ada yang namanya krisis iklim tidak diatasi dengan serius. Bahkan, kita ditunjukkan anggaran mengatasi krisis iklim jauh di bawah anggaran sektor-sektor lainnya,"" kata Cak Imin, Minggu (21/1/2024).",2024-01-22
15419,Benar,"Benar, Klaim Muhaimin Iskandar bahwa 16 juta Petani Hanya Memiliki 0,5 Hektare Tanah","Calon Wakil Presiden nomor urut 1, Muhaimin Iskandar, mengatakan merujuk sensus pertanian 10 tahun terakhir, telah terjadi jumlah rumah tangga petani gurem hampir 3 juta. Ini artinya 16 juta hanya memiliki tanah setengah hektare. ""Assalamualaikum Wr Wb. Selamat malam salam sejahtera untuk kita semua. KH Hasyim Ashari, pendiri NU mengatakan petani adalah penolong negeri. Akan tetapi hari ini kita menyaksikan negara dan pemerintah abai terhadap nasib petani dan nelayan kita. Hari ini kita menyaksikan bahwa hasil sensus BPS pertanian kita bahwa sepuluh tahun terakhir ini telah terjadi kenaikan jumlah petani rumah tangga gurem, rumah tangga petani gurem berjumlah hampir 3 juta. Ini artinya 16 juta rumah tangga petani hanya memiliki tanah setengah hektar. Sementara ada seseorang yang memiliki tanah 500 ribu hektare sebagai kekuasaan yang diberikan negara kepadanya,"" kata Muhaimin dalam debat debat cawapres yang digelar KPU, Minggu, 21 Januari 2024. Benarkah klaim tersebut?",2024-01-22
15417,Benar,"Benar, Klaim Muhaimin Iskandar bahwa 16 juta Petani Hanya Memiliki 0,5 Hektare Tanah","Calon Wakil Presiden nomor urut 1, Muhaimin Iskandar, mengatakan merujuk sensus pertanian 10 tahun terakhir, telah terjadi jumlah rumah tangga petani gurem hampir 3 juta. Ini artinya 16 juta hanya memiliki tanah setengah hektare. ""Assalamualaikum Wr Wb. Selamat malam salam sejahtera untuk kita semua. KH Hasyim Ashari, pendiri NU mengatakan petani adalah penolong negeri. Akan tetapi hari ini kita menyaksikan negara dan pemerintah abai terhadap nasib petani dan nelayan kita. Hari ini kita menyaksikan bahwa hasil sensus BPS pertanian kita bahwa sepuluh tahun terakhir ini telah terjadi kenaikan jumlah petani rumah tangga gurem, rumah tangga petani gurem berjumlah hampir 3 juta. Ini artinya 16 juta rumah tangga petani hanya memiliki tanah setengah hektar. Sementara ada seseorang yang memiliki tanah 500 ribu hektare sebagai kekuasaan yang diberikan negara kepadanya,"" kata Muhaimin dalam debat debat cawapres yang digelar KPU, Minggu, 21 Januari 2024. Benarkah klaim tersebut?",2024-01-22
15395,Benar,"Benar, Klaim Mahfud MD Bahwa Food Estate Program Gagal","Calon Wakil Presiden nomor urut 03, Mahfud MD, menyatakan bahwa program food estate atau lumbung pangan yang dikerjakan Kementerian Pertahanan RI, merupakan proyek gagal. Dia mengatakan program itu tidak membuahkan hasil dan berdampak pada kerusakan lingkungan dan menyebakan kerugian bagi negara. “Tetapi saya tidak melihat pemerintah melakukan langkah-langkah untuk menjaga kelestarian lingkungan. Maka kami punya program petani, di laut jaya, nelayan sejahtera. Jangan seperti food estate yang gagal dan merusak lingkungan, yang bener aja, rugi dong kita,” katanya dalam Debat Cawapres Pilpres yang digelar KPU, Minggu 21 Januari 2024. Namun, benarkah klaim Mahfud bahwa food estate adalah program yang gagal?",2024-01-21
15391,Benar,"Benar, Klaim Muhaimin Iskandar bahwa Target Energi Baru dan Terbarukan di Indonesia Turun dari 25 persen ke 17 persen","Calon Wakil Presiden RI Muhaimin Iskandar mengatakan bahwa target energi baru dan terbarukan di Indonesia tahun 2025, berkurang dari 23% menjadi 17%. “Memang pajak karbon ini salah satu, bukan satu-satunya. Yang paling penting adalah dipersiapkan transisi energi baru dan terbarukan. Sayangnya, Komitmen pemerintah hari ini tidak serius. Target energi baru dan terbarukan yang mestinya kita harus punya target 2025, berkurang dari 23 justru diturunkan jadi 17%,” kata Muhaimin dalam Debat Kandidat KPU, Minggu 21 Januari 2023. Benarkah klaim tersebut?",2024-01-21
15388,Benar,"Benar, Klaim Muhaimin bahwa Anggaran untuk Mengatasi Krisis Iklim Indonesia di bawah Anggaran Sektor Lainnya","Calon Wakil Presiden nomor urut 1, Muhaimin Iskandar, menyatakan bahwa anggaran untuk mengatasi krisis iklim di Indonesia jauh di bawah anggaran sektor-sektor lainnya. “Krisis Iklim harus dimulai dengan etika. Sekali lagi etika. Etika lingkungan ini intinya adalah keseimbangan antara manusia dan alam. Tidak menang-menangan. Seimbang manusia dan alam. Akan tetapi kita menyaksikan bahwa kita tidak seimbang dalam melaksanakan pembangunan kita. Kita melihat ada yang namanya krisis iklim tidak diatasi dengan serius. Bahkan kita ditunjukkan bahwa anggaran mengatasi krisis iklim jauh di bawah anggaran sektor-sektor lainnya,” kata Muhaimin dalam debat cawapres oleh KPU, Minggu, 21 Januari 2024. Benarkah klaim tersebut?",2024-01-21
15386,Benar,"Cek Fakta: Mahfud MD Sebut Orde Baru Batalkan Tanah Adat Secara Hukum, Benarkah?","Calon Wakil Presiden nomor urut tiga Mahfud MD menyebut orde baru batalkan tanah adat secara hukum. Pernyataan Mahfud tersebut dilontarkan saat debat cawapres, pada Minggu (21/1/2024). Berikut pernyataan Cak Mahfud MD: ""Di masa Soekarno, tanah adat sudah dinyatakan sah secara hukum dan dibatalkan saat orde baru"" Benarkah penyataan Mahfud MD orde baru batalkan tanah adat secara hukum?",2024-01-22
15384,Benar,"Cek Fakta: Mahfud MD Sebut 17 Juta Petani Rerata Hanya Kuasai 0,5 Hektare","Debat Cawapres untuk Pemilu 2024 berlangsung di Jakarta Convention Centre (JCC), Senayan, Minggu (21/1/2024) malam. Cawapres 03 Mahfud MD menyebut sebanyak 17 juta petani di Indonesia rata-rata hanya menguasai lahan seluas 0,5 hektare. Inilah pernyataan lengkap yang disampaikan cawapres nomor urut 03 Mahfud MD dalam Debat Pilpres 2024 seri keempat: “Jadi kalau melihat ketimpangan penguasaan tanah itu memang bisnis sawit, itu 39 hektar hanya segelintir orang di bisnis sawit. Sementara para petani kita 17 juta orang petani kalau dirata-ratakan hanya menguasai 0,5 hektar.”",2024-01-22
15378,Benar,Cek Fakta: Mahfud MD Sebut Deforestasi dalam 10 Tahun Terakhir Lebih Luas dari 23 Kali Pulau Madura,"Debat Cawapres untuk Pemilu 2024 berlangsung di Jakarta Convention Centre (JCC), Senayan, Minggu (21/1/2024) malam. Cawapres nomor urut 03 Mahfud MD menyebut bahwa deforestasi di Indonesia dalam 10 tahun terakhir lebih luas dibandingkan 23 kali luas Pulau Madura, dan luas wilayah Korea Selatan (Korsel). Inilah pernyataan lengkap yang disampaikan Mahfud MD dalam Debat Pilpres 2024 seri keempat: “Data 10 tahun terjadi deforestasi 12,85 juta hektar. Itu lebih luas dari Korsel dan 23 kali luasnya Pulau Madura di mana saya tinggal. Ini deforestasi dalam 10 tahun terakhir.” Mahfud menyampaikan hal tersebut sebagai tanggapan atas pernyataan cawapres nomor urut 2 Gibran Rakabuming Raka soal pencabutan izin usaha pertambangan (IUP) apabila ada perusahaan yang tak menjaga lingkungan dalam menjalankan usahanya.",2024-01-22
